address,age,block,direction,txFee,txhash,txn_type,type,value,Class,creator,inter_direction
0x7b307c1f0039f5d38770e15f8043b3dd26da5e8f,1539057469,6482578.0,OUT,0.0,0x5ca47c7f595b5ddc85595c8b7619c68fd122f4801044165c464184376d21dfed,internal,call,0.303652881355932 Ether,1,0xe1f3294e25bb72a2fb53addb82aa1a033797e6e3,1
0x7b307c1f0039f5d38770e15f8043b3dd26da5e8f,1540236267,0.0,OUT,0.0,0x4ad95c6fbca41aa25b12cb2729818e26f72c9346b683d3927fc455c492997768,internal,call,0.03728033898305 Ether,1,0xe1f3294e25bb72a2fb53addb82aa1a033797e6e3,1
0x7b307c1f0039f5d38770e15f8043b3dd26da5e8f,1540162124,6561050.0,OUT,0.0,0x98e17b31de9f83ebce1fc3e2079fd60fa05d182bdf9585be0c93c02310d378fc,internal,call,0.245230169491525 Ether,1,0xe1f3294e25bb72a2fb53addb82aa1a033797e6e3,1
0x7b307c1f0039f5d38770e15f8043b3dd26da5e8f,1539676094,6526601.0,OUT,0.0,0x9d42268817cfba219de8340f0fc15a887cecdea8f6fdfa93bb1188f3e04ebab4,internal,call,0.31338406779661 Ether,1,0xe1f3294e25bb72a2fb53addb82aa1a033797e6e3,1
0x7b307c1f0039f5d38770e15f8043b3dd26da5e8f,1540256926,0.0,OUT,0.0,0x854592a3b3939a393d1bc9b51c1e6981d3f93a12a9554995231074cd63db7fa3,internal,call,0.010535593220338 Ether,1,0xe1f3294e25bb72a2fb53addb82aa1a033797e6e3,1
0x7b307c1f0039f5d38770e15f8043b3dd26da5e8f,1538115056,6415553.0,OUT,0.0,0x174a0710294b71fd386225600439afa5136d8391bdcfc029e9b34dcab571dcc1,internal,call,0.012268189830508 Ether,1,0xe1f3294e25bb72a2fb53addb82aa1a033797e6e3,1
0x7b307c1f0039f5d38770e15f8043b3dd26da5e8f,1537719413,6384611.0,OUT,0.0,0x75d4db86af7e3bf606d39e93ac45f30fbd91d793b3dc8f51d542a88530fcd558,internal,call,0.020566101694915 Ether,1,0xe1f3294e25bb72a2fb53addb82aa1a033797e6e3,1
0x7b307c1f0039f5d38770e15f8043b3dd26da5e8f,1538273237,6426722.0,OUT,0.0,0xbbf96d2dc8a6d31cdff1a1714c61cd70298b3a94ffdac5c02e5d0cce7f34576a,internal,call,0.000040576271186 Ether,1,0xe1f3294e25bb72a2fb53addb82aa1a033797e6e3,2
0x7b307c1f0039f5d38770e15f8043b3dd26da5e8f,1538273136,6426715.0,OUT,0.0,0x3e3353dc741a41c3b19eb5e8f0e510c8c20adb9b7f2e36feb8b085ad21713243,internal,call,0.046216101694915 Ether,1,0xe1f3294e25bb72a2fb53addb82aa1a033797e6e3,1
0x7b307c1f0039f5d38770e15f8043b3dd26da5e8f,1538158323,6418590.0,OUT,0.0,0x6020e2c3c233b399926c4819aad14ec7fe4620e821c8b216913e8577cce86c79,internal,call,0.015318833898305 Ether,1,0xe1f3294e25bb72a2fb53addb82aa1a033797e6e3,1
0x7b307c1f0039f5d38770e15f8043b3dd26da5e8f,1538459628,6439922.0,OUT,0.0,0xd5f796f2ead1c842dfd1d78857056d201f9cad1d0641a991e04f7a0b275103e1,internal,call,0.000167430508474 Ether,1,0xe1f3294e25bb72a2fb53addb82aa1a033797e6e3,2
0x7b307c1f0039f5d38770e15f8043b3dd26da5e8f,1538459343,6439898.0,OUT,0.0,0xd2a5e193fa3740373cdd8205befc4e68a4809fb8d7f724cbccd37d390abfd8bf,internal,call,0.020161423728813 Ether,1,0xe1f3294e25bb72a2fb53addb82aa1a033797e6e3,2
0x7b307c1f0039f5d38770e15f8043b3dd26da5e8f,1538419030,6437008.0,OUT,0.0,0xea5e5588896d0abcf8d64745dd1fccbd9d046ba527cf984bbfe7215d4d13b2a6,internal,call,0.000059064406779 Ether,1,0xe1f3294e25bb72a2fb53addb82aa1a033797e6e3,2
0x7b307c1f0039f5d38770e15f8043b3dd26da5e8f,1538418845,6436999.0,OUT,0.0,0x0e3f84bceab4399bd5c0943ef5728d7a90a64440f50a135b35d27cb08f820e8a,internal,call,0.062707118644067 Ether,1,0xe1f3294e25bb72a2fb53addb82aa1a033797e6e3,1
0x7b307c1f0039f5d38770e15f8043b3dd26da5e8f,1537900013,6400436.0,OUT,0.0,0xba4844adffbc16774e347964150b436c22ef28bad9272b237f4b33a357c1176a,internal,call,0.000166576271186 Ether,1,0xe1f3294e25bb72a2fb53addb82aa1a033797e6e3,2
0x7b307c1f0039f5d38770e15f8043b3dd26da5e8f,1537899486,6400397.0,OUT,0.0,0x2f830438840727ff2b77c39e8ec52401a1fea9019279f460423dc195dbc661bb,internal,call,0.054582101694915 Ether,1,0xe1f3294e25bb72a2fb53addb82aa1a033797e6e3,1
0x7b307c1f0039f5d38770e15f8043b3dd26da5e8f,1538077388,6412919.0,OUT,0.0,0x4c3df40080877fb4f2747ab9cba2f4e746be6241a2a497997b7d5283f26dc98d,internal,call,0.057548745762711 Ether,1,0xe1f3294e25bb72a2fb53addb82aa1a033797e6e3,1
